<?xml version="1.0" encoding="UTF-8" standalone="yes"?>
<Quota continueOnError="false" enabled="true" name="Q-SetQuota">
    <DisplayName>Q-SetQuota</DisplayName>
    <Properties/>
    <Allow count="2" countRef="verifyapikey.VA-Authetication.quota_count"/>
    <Interval ref="verifyapikey.VA-Authetication.quota_interval">1</Interval>
    <Distributed>true</Distributed>
    <Synchronous>true</Synchronous>
    <TimeUnit ref="verifyapikey.VA-Authetication.quota_timeunit">minute</TimeUnit>
    <AsynchronousConfiguration>
        <SyncIntervalInSeconds>20</SyncIntervalInSeconds>
        <SyncMessageCount>5</SyncMessageCount>
    </AsynchronousConfiguration>
</Quota>